"file_path","classification","reason","actually_clean","notes"
"hlf_mcp/hlf/__init__.py","EXPERIMENTAL","Imports from VM/DSL module (compiler/runtime/bytecode/translator/grammar/formal_verifier/linter/formatter/codegen)","NO","Inside hlf_mcp/ package tree; __init__.py poisons import path"
"tests/test_ecosystem_hardening.py","EXPERIMENTAL","4+ hlf_mcp imports (45)","YES",""
"tests/test_orchestration_lifecycle.py","EXPERIMENTAL","4+ hlf_mcp imports (45)","YES",""
"hlf_mcp/hlf/runtime.py","EXPERIMENTAL","classification_hint=LEAVE","NO","Inside hlf_mcp/ package tree; __init__.py poisons import path"
"hlf_mcp/server_context.py","EXPERIMENTAL","classification_hint=LEAVE","NO","Inside hlf_mcp/ package tree; __init__.py poisons import path"
"tests/test_audit_trust_layer.py","EXPERIMENTAL","Imports from VM/DSL module (compiler/runtime/bytecode/translator/grammar/formal_verifier/linter/formatter/codegen)","YES",""
"hlf_mcp/ecosystem/__init__.py","EXPERIMENTAL","4+ hlf_mcp imports (41)","NO","Inside hlf_mcp/ package tree; __init__.py poisons import path"
"hlf_mcp/gallery/__init__.py","EXPERIMENTAL","4+ hlf_mcp imports (40)","NO","Inside hlf_mcp/ package tree; __init__.py poisons import path"
"tests/test_typed_effect_hardening.py","EXPERIMENTAL","Imports from VM/DSL module (compiler/runtime/bytecode/translator/grammar/formal_verifier/linter/formatter/codegen)","YES",""
"tests/test_knowledge_substrate_hardening.py","EXPERIMENTAL","4+ hlf_mcp imports (36)","YES",""
"tests/test_typed_effect_algebra.py","EXPERIMENTAL","4+ hlf_mcp imports (36)","YES",""
"tests/test_verification_deepening.py","EXPERIMENTAL","Imports from VM/DSL module (compiler/runtime/bytecode/translator/grammar/formal_verifier/linter/formatter/codegen)","YES",""
"hlf_mcp/gallery/operator_dashboard.py","EXPERIMENTAL","classification_hint=LEAVE","NO","Inside hlf_mcp/ package tree; __init__.py poisons import path"
"tests/test_routing_stress.py","EXPERIMENTAL","4+ hlf_mcp imports (31)","YES",""
"hlf_mcp/server.py","EXPERIMENTAL","classification_hint=LEAVE","NO","Inside hlf_mcp/ package tree; __init__.py poisons import path"
"hlf_mcp/hlf/routing/__init__.py","EXPERIMENTAL","4+ hlf_mcp imports (29)","NO","Inside hlf_mcp/ package tree; __init__.py poisons import path"
"tests/test_ecosystem_mcp_bridge.py","EXPERIMENTAL","Imports from VM/DSL module (compiler/runtime/bytecode/translator/grammar/formal_verifier/linter/formatter/codegen)","YES",""
"tests/test_gallery_operatorization.py","EXPERIMENTAL","4+ hlf_mcp imports (28)","YES",""
"hlf_mcp/server_core.py","EXPERIMENTAL","classification_hint=LEAVE","NO","Inside hlf_mcp/ package tree; __init__.py poisons import path"
"hlf_mcp/instinct/lifecycle.py","EXPERIMENTAL","classification_hint=LEAVE","NO","Inside hlf_mcp/ package tree; __init__.py poisons import path"
"tests/test_capability_manifest.py","EXPERIMENTAL","Imports from VM/DSL module (compiler/runtime/bytecode/translator/grammar/formal_verifier/linter/formatter/codegen)","YES",""
"tests/test_persona_doctrine.py","EXPERIMENTAL","4+ hlf_mcp imports (24)","YES",""
"hlf_mcp/__init__.py","EXPERIMENTAL","4+ hlf_mcp imports (23)","NO","Package init — imports HLFCompiler/HLFRuntime/HLFBytecode at module level, poisons entire import path"
"hlf_mcp/hlf/model_orchestrator.py","EXPERIMENTAL","classification_hint=LEAVE","NO","Inside hlf_mcp/ package tree; __init__.py poisons import path"
"tests/test_ecosystem_rest_bridge.py","EXPERIMENTAL","Imports from VM/DSL module (compiler/runtime/bytecode/translator/grammar/formal_verifier/linter/formatter/codegen)","YES",""
"tests/test_proof_artifacts.py","EXPERIMENTAL","Imports from VM/DSL module (compiler/runtime/bytecode/translator/grammar/formal_verifier/linter/formatter/codegen)","YES",""
"hlf_mcp/hlf/swarm_orchestrator.py","EXPERIMENTAL","classification_hint=LEAVE","NO","Inside hlf_mcp/ package tree; __init__.py poisons import path"
"tests/test_persona_workflows.py","EXPERIMENTAL","4+ hlf_mcp imports (21)","YES",""
"hlf_mcp/gallery/operator_cli.py","EXPERIMENTAL","classification_hint=LEAVE","NO","Inside hlf_mcp/ package tree; __init__.py poisons import path"
"hlf_mcp/server_resources.py","EXPERIMENTAL","classification_hint=LEAVE","NO","Inside hlf_mcp/ package tree; __init__.py poisons import path"
"hlf_mcp/server_translation.py","EXPERIMENTAL","classification_hint=LEAVE","NO","Inside hlf_mcp/ package tree; __init__.py poisons import path"
"tests/test_persona_runtime_proof.py","EXPERIMENTAL","Imports from VM/DSL module (compiler/runtime/bytecode/translator/grammar/formal_verifier/linter/formatter/codegen)","YES",""
"tests/test_real_code_bridge_hardening.py","EXPERIMENTAL","4+ hlf_mcp imports (19)","YES",""
"tests/test_two_channel_execution.py","EXPERIMENTAL","Imports from VM/DSL module (compiler/runtime/bytecode/translator/grammar/formal_verifier/linter/formatter/codegen)","YES",""
"tests/test_hybrid_rag.py","EXPERIMENTAL","4+ hlf_mcp imports (18)","YES",""
"tests/test_routing_fabric.py","EXPERIMENTAL","4+ hlf_mcp imports (18)","YES",""
"tests/test_translator.py","EXPERIMENTAL","Imports from VM/DSL module (compiler/runtime/bytecode/translator/grammar/formal_verifier/linter/formatter/codegen)","YES",""
"hlf_mcp/ecosystem/mcp_bridge.py","EXPERIMENTAL","classification_hint=LEAVE","NO","Inside hlf_mcp/ package tree; __init__.py poisons import path"
"tests/test_ethics.py","EXPERIMENTAL","Imports from VM/DSL module (compiler/runtime/bytecode/translator/grammar/formal_verifier/linter/formatter/codegen)","YES",""
"tests/test_integration_demo.py","EXPERIMENTAL","4+ hlf_mcp imports (17)","YES",""
"tests/test_operator_dashboard.py","EXPERIMENTAL","4+ hlf_mcp imports (17)","YES",""
"hlf_mcp/ecosystem/rest_bridge.py","EXPERIMENTAL","classification_hint=LEAVE","NO","Inside hlf_mcp/ package tree; __init__.py poisons import path"
"hlf_mcp/server_profiles.py","EXPERIMENTAL","classification_hint=LEAVE","NO","Inside hlf_mcp/ package tree; __init__.py poisons import path"
"tests/test_dream_cycle_gating.py","EXPERIMENTAL","4+ hlf_mcp imports (16)","YES",""
"tests/test_fastmcp_frontdoor.py","EXPERIMENTAL","Imports from VM/DSL module (compiler/runtime/bytecode/translator/grammar/formal_verifier/linter/formatter/codegen)","YES",""
"tests/test_modeltron.py","EXPERIMENTAL","4+ hlf_mcp imports (16)","YES",""
"tests/test_network_isolation.py","EXPERIMENTAL","Imports from VM/DSL module (compiler/runtime/bytecode/translator/grammar/formal_verifier/linter/formatter/codegen)","YES",""
"hlf_mcp/hlf/benchmark.py","EXPERIMENTAL","classification_hint=LEAVE","NO","Inside hlf_mcp/ package tree; __init__.py poisons import path"
"hlf_mcp/hlf/code_execution.py","EXPERIMENTAL","classification_hint=LEAVE","NO","Inside hlf_mcp/ package tree; __init__.py poisons import path"
"hlf_mcp/hlf/governance_orchestrator.py","EXPERIMENTAL","classification_hint=LEAVE","NO","Inside hlf_mcp/ package tree; __init__.py poisons import path"
"tests/test_typed_contracts.py","EXPERIMENTAL","Imports from VM/DSL module (compiler/runtime/bytecode/translator/grammar/formal_verifier/linter/formatter/codegen)","YES",""
"hlf_mcp/hlf/compiler.py","EXPERIMENTAL","classification_hint=LEAVE","NO","Inside hlf_mcp/ package tree; __init__.py poisons import path"
"hlf_mcp/hlf/effect_extractor.py","EXPERIMENTAL","classification_hint=LEAVE","NO","Inside hlf_mcp/ package tree; __init__.py poisons import path"
"hlf_mcp/server_enterprise.py","EXPERIMENTAL","classification_hint=LEAVE","NO","Inside hlf_mcp/ package tree; __init__.py poisons import path"
"tests/test_server_enterprise.py","EXPERIMENTAL","4+ hlf_mcp imports (14)","YES",""
"compounding_benchmark.py","EXPERIMENTAL","classification_hint=LEAVE","YES",""
"hlf_mcp/hlf/benchmark_legacy.py","EXPERIMENTAL","classification_hint=LEAVE","NO","Inside hlf_mcp/ package tree; __init__.py poisons import path"
"hlf_mcp/hlf/real_code_bridge/__init__.py","EXPERIMENTAL","4+ hlf_mcp imports (13)","NO","Inside hlf_mcp/ package tree; __init__.py poisons import path"
"tests/test_backend_benchmark.py","EXPERIMENTAL","4+ hlf_mcp imports (13)","YES",""
"tests/test_orchestration_contracts.py","EXPERIMENTAL","4+ hlf_mcp imports (13)","YES",""
"hlf_mcp/bridges/msty_claw/__init__.py","EXPERIMENTAL","4+ hlf_mcp imports (12)","NO","Inside hlf_mcp/ package tree; __init__.py poisons import path"
"hlf_mcp/server_capsule.py","EXPERIMENTAL","classification_hint=LEAVE","NO","Inside hlf_mcp/ package tree; __init__.py poisons import path"
"tests/test_capsule_pointer_trust.py","EXPERIMENTAL","Imports from VM/DSL module (compiler/runtime/bytecode/translator/grammar/formal_verifier/linter/formatter/codegen)","YES",""
"tests/test_gallery_modules.py","EXPERIMENTAL","4+ hlf_mcp imports (12)","YES",""
"tests/test_knowledge_contracts.py","EXPERIMENTAL","4+ hlf_mcp imports (12)","YES",""
"hlf_mcp/hlf/capability_manifest.py","EXPERIMENTAL","classification_hint=LEAVE","NO","Inside hlf_mcp/ package tree; __init__.py poisons import path"
"hlf_mcp/hlf/formal_verifier.py","EXPERIMENTAL","classification_hint=LEAVE","NO","Inside hlf_mcp/ package tree; __init__.py poisons import path"
"hlf_mcp/hlf/latent_capsule.py","EXPERIMENTAL","classification_hint=LEAVE","NO","Inside hlf_mcp/ package tree; __init__.py poisons import path"
"hlf_mcp/hlf/spine_proof.py","EXPERIMENTAL","classification_hint=LEAVE","NO","Inside hlf_mcp/ package tree; __init__.py poisons import path"
"tests/test_p1_risk_surfaces.py","EXPERIMENTAL","Imports from VM/DSL module (compiler/runtime/bytecode/translator/grammar/formal_verifier/linter/formatter/codegen)","YES",""
"hlf_mcp/ecosystem/schema_translator.py","EXPERIMENTAL","classification_hint=LEAVE","NO","Inside hlf_mcp/ package tree; __init__.py poisons import path"
"hlf_mcp/hlf/checkpoint_executor.py","EXPERIMENTAL","classification_hint=LEAVE","NO","Inside hlf_mcp/ package tree; __init__.py poisons import path"
"hlf_mcp/hlf/governed_complete.py","EXPERIMENTAL","classification_hint=LEAVE","NO","Inside hlf_mcp/ package tree; __init__.py poisons import path"
"hlf_mcp/operator_cli.py","EXPERIMENTAL","classification_hint=LEAVE","NO","Inside hlf_mcp/ package tree; __init__.py poisons import path"
"hlf_mcp/server_handoff.py","EXPERIMENTAL","classification_hint=LEAVE","NO","Inside hlf_mcp/ package tree; __init__.py poisons import path"
"scripts/run_pipeline_scheduled.py","EXPERIMENTAL","classification_hint=LEAVE","YES",""
"tests/test_proof_matrix.py","EXPERIMENTAL","4+ hlf_mcp imports (10)","YES",""
"tests/test_routing_contracts.py","EXPERIMENTAL","4+ hlf_mcp imports (10)","YES",""
".github/scripts/governed_review_contract.py","EXPERIMENTAL","classification_hint=LEAVE","YES",""
"hlf_mcp/hlf/routing/edge_cases.py","EXPERIMENTAL","classification_hint=LEAVE","NO","Inside hlf_mcp/ package tree; __init__.py poisons import path"
"tests/test_constitutional_check.py","EXPERIMENTAL","Imports from VM/DSL module (compiler/runtime/bytecode/translator/grammar/formal_verifier/linter/formatter/codegen)","YES",""
"tests/test_execution_admission.py","EXPERIMENTAL","Imports from VM/DSL module (compiler/runtime/bytecode/translator/grammar/formal_verifier/linter/formatter/codegen)","YES",""
"tests/test_formal_verifier.py","EXPERIMENTAL","Imports from VM/DSL module (compiler/runtime/bytecode/translator/grammar/formal_verifier/linter/formatter/codegen)","YES",""
"tests/test_hks_live_embeddings.py","EXPERIMENTAL","4+ hlf_mcp imports (9)","YES",""
"tests/test_ollama_pulse.py","EXPERIMENTAL","4+ hlf_mcp imports (9)","YES",""
"tests/test_operator_proof.py","EXPERIMENTAL","4+ hlf_mcp imports (9)","YES",""
"tests/test_real_code_bridge.py","EXPERIMENTAL","Imports from VM/DSL module (compiler/runtime/bytecode/translator/grammar/formal_verifier/linter/formatter/codegen)","YES",""
"tests/test_secret_management.py","EXPERIMENTAL","4+ hlf_mcp imports (9)","YES",""
"_agent_onboarding.py","EXPERIMENTAL","classification_hint=LEAVE","YES",""
"hlf_mcp/evidence_query.py","EXPERIMENTAL","classification_hint=LEAVE","NO","Inside hlf_mcp/ package tree; __init__.py poisons import path"
"hlf_mcp/hlf/ascii_proof_surface.py","EXPERIMENTAL","classification_hint=LEAVE","NO","Inside hlf_mcp/ package tree; __init__.py poisons import path"
"hlf_mcp/hlf/hlflsp.py","EXPERIMENTAL","classification_hint=LEAVE","NO","Inside hlf_mcp/ package tree; __init__.py poisons import path"
"hlf_mcp/hlf/multi_phase_executor.py","EXPERIMENTAL","classification_hint=LEAVE","NO","Inside hlf_mcp/ package tree; __init__.py poisons import path"
"hlf_mcp/hlf/two_channel_executor.py","EXPERIMENTAL","classification_hint=LEAVE","NO","Inside hlf_mcp/ package tree; __init__.py poisons import path"
"hlf_mcp/hlf/typed_effect_algebra.py","EXPERIMENTAL","classification_hint=LEAVE","NO","Inside hlf_mcp/ package tree; __init__.py poisons import path"
"hlf_mcp/server_swarm.py","EXPERIMENTAL","classification_hint=LEAVE","NO","Inside hlf_mcp/ package tree; __init__.py poisons import path"
"hlf_mcp/weekly_artifacts.py","EXPERIMENTAL","classification_hint=LEAVE","NO","Inside hlf_mcp/ package tree; __init__.py poisons import path"
"tests/test_complex_workflow_benchmarks.py","EXPERIMENTAL","Imports from VM/DSL module (compiler/runtime/bytecode/translator/grammar/formal_verifier/linter/formatter/codegen)","YES",""
"tests/test_doc_ingest.py","EXPERIMENTAL","4+ hlf_mcp imports (8)","YES",""
"tests/test_governance_proofs.py","EXPERIMENTAL","4+ hlf_mcp imports (8)","YES",""
"tests/test_hlf_dxtools.py","EXPERIMENTAL","4+ hlf_mcp imports (8)","YES",""
"tests/test_inductive_prover.py","EXPERIMENTAL","4+ hlf_mcp imports (8)","YES",""
"tests/test_intent_normalizer.py","EXPERIMENTAL","4+ hlf_mcp imports (8)","YES",""
"tests/test_moe_router.py","EXPERIMENTAL","4+ hlf_mcp imports (8)","YES",""
"tests/test_pii_guard.py","EXPERIMENTAL","Imports from VM/DSL module (compiler/runtime/bytecode/translator/grammar/formal_verifier/linter/formatter/codegen)","YES",""
"tests/test_pillar_and_consistency.py","EXPERIMENTAL","4+ hlf_mcp imports (8)","YES",""
"tests/test_spine_proof.py","EXPERIMENTAL","4+ hlf_mcp imports (8)","YES",""
"tests/test_swarm_consensus.py","EXPERIMENTAL","4+ hlf_mcp imports (8)","YES",""
"tests/test_verification_gating.py","EXPERIMENTAL","Imports from VM/DSL module (compiler/runtime/bytecode/translator/grammar/formal_verifier/linter/formatter/codegen)","YES",""
"hlf_mcp/hlf/corrector.py","EXPERIMENTAL","classification_hint=LEAVE","NO","Inside hlf_mcp/ package tree; __init__.py poisons import path"
"hlf_mcp/hlf/knowledge/__init__.py","EXPERIMENTAL","4+ hlf_mcp imports (7)","NO","Inside hlf_mcp/ package tree; __init__.py poisons import path"
"hlf_mcp/hlf/real_code_bridge/bytecode_roundtrip.py","EXPERIMENTAL","classification_hint=LEAVE","NO","Inside hlf_mcp/ package tree; __init__.py poisons import path"
"hlf_mcp/hlf/routing/load_balancer.py","EXPERIMENTAL","classification_hint=LEAVE","NO","Inside hlf_mcp/ package tree; __init__.py poisons import path"
"hlf_mcp/hlf/routing/stress_testing.py","EXPERIMENTAL","classification_hint=LEAVE","NO","Inside hlf_mcp/ package tree; __init__.py poisons import path"
"hlf_mcp/hlf/tool_contracts.py","EXPERIMENTAL","classification_hint=LEAVE","NO","Inside hlf_mcp/ package tree; __init__.py poisons import path"
"tests/test_dream_promotion.py","EXPERIMENTAL","4+ hlf_mcp imports (7)","YES",""
"tests/test_evidence_schema.py","EXPERIMENTAL","4+ hlf_mcp imports (7)","YES",""
"tests/test_governed_review.py","EXPERIMENTAL","4+ hlf_mcp imports (7)","YES",""
"tests/test_hks_memory.py","EXPERIMENTAL","4+ hlf_mcp imports (7)","YES",""
"tests/test_memory_evidence.py","EXPERIMENTAL","4+ hlf_mcp imports (7)","YES",""
"tests/test_memory_freshness_integration.py","EXPERIMENTAL","4+ hlf_mcp imports (7)","YES",""
"tests/test_multi_phase_execution.py","EXPERIMENTAL","4+ hlf_mcp imports (7)","YES",""
"tests/test_security.py","EXPERIMENTAL","Imports from VM/DSL module (compiler/runtime/bytecode/translator/grammar/formal_verifier/linter/formatter/codegen)","YES",""
"tests/test_stdlib.py","EXPERIMENTAL","4+ hlf_mcp imports (7)","YES",""
"tests/test_weekly_artifacts.py","EXPERIMENTAL","4+ hlf_mcp imports (7)","YES",""
"validate_phase2_and_3.py","EXPERIMENTAL","classification_hint=LEAVE","YES",""
"validate_phase2_phase3.py","EXPERIMENTAL","classification_hint=LEAVE","YES",""
"assess_fluency.py","EXPERIMENTAL","classification_hint=LEAVE","YES",""
"hlf_mcp/hlf/cross_agent_benchmark.py","EXPERIMENTAL","classification_hint=LEAVE","NO","Inside hlf_mcp/ package tree; __init__.py poisons import path"
"hlf_mcp/hlf/proof_depth.py","EXPERIMENTAL","classification_hint=LEAVE","NO","Inside hlf_mcp/ package tree; __init__.py poisons import path"
"hlf_mcp/hlf/real_code_bridge/proof_matrix.py","EXPERIMENTAL","classification_hint=LEAVE","NO","Inside hlf_mcp/ package tree; __init__.py poisons import path"
"hlf_mcp/hlf/routing/failover.py","EXPERIMENTAL","classification_hint=LEAVE","NO","Inside hlf_mcp/ package tree; __init__.py poisons import path"
"hlf_mcp/server_memory.py","EXPERIMENTAL","classification_hint=LEAVE","NO","Inside hlf_mcp/ package tree; __init__.py poisons import path"
"scripts/hlf_ab_test.py","EXPERIMENTAL","classification_hint=LEAVE","YES",""
"scripts/run_hlf_gallery.py","EXPERIMENTAL","classification_hint=LEAVE","YES",""
"scripts/stress_test_governance_advanced.py","EXPERIMENTAL","classification_hint=LEAVE","YES",""
"scripts/stress_test_governed_latent.py","EXPERIMENTAL","classification_hint=LEAVE","YES",""
"tests/test_agent_identity.py","EXPERIMENTAL","4+ hlf_mcp imports (6)","YES",""
"tests/test_ascii_surface.py","EXPERIMENTAL","Imports from VM/DSL module (compiler/runtime/bytecode/translator/grammar/formal_verifier/linter/formatter/codegen)","YES",""
"tests/test_ecosystem_java.py","EXPERIMENTAL","4+ hlf_mcp imports (6)","YES",""
"tests/test_ecosystem_rust.py","EXPERIMENTAL","4+ hlf_mcp imports (6)","YES",""
"tests/test_load_50_capsules.py","EXPERIMENTAL","4+ hlf_mcp imports (6)","YES",""
"tests/test_model_certification.py","EXPERIMENTAL","4+ hlf_mcp imports (6)","YES",""
"tests/test_model_version.py","EXPERIMENTAL","4+ hlf_mcp imports (6)","YES",""
"tests/test_msty_memory_bridge.py","EXPERIMENTAL","4+ hlf_mcp imports (6)","YES",""
"tests/test_multimodal_safety.py","EXPERIMENTAL","4+ hlf_mcp imports (6)","YES",""
"tests/test_output_schema_variants.py","EXPERIMENTAL","4+ hlf_mcp imports (6)","YES",""
"tests/test_session_auth.py","EXPERIMENTAL","4+ hlf_mcp imports (6)","YES",""
"tests/test_swarm.py","EXPERIMENTAL","Imports from VM/DSL module (compiler/runtime/bytecode/translator/grammar/formal_verifier/linter/formatter/codegen)","YES",""
"tests/test_symbolic_surfaces.py","EXPERIMENTAL","Imports from VM/DSL module (compiler/runtime/bytecode/translator/grammar/formal_verifier/linter/formatter/codegen)","YES",""
"hlf_mcp/ecosystem/resilience_coordinator.py","EXPERIMENTAL","classification_hint=LEAVE","NO","Inside hlf_mcp/ package tree; __init__.py poisons import path"
"hlf_mcp/ecosystem/watch_workflow.py","EXPERIMENTAL","classification_hint=LEAVE","NO","Inside hlf_mcp/ package tree; __init__.py poisons import path"
"hlf_mcp/hlf/audit_trail.py","EXPERIMENTAL","classification_hint=LEAVE","NO","Inside hlf_mcp/ package tree; __init__.py poisons import path"
"hlf_mcp/hlf/inductive_prover.py","EXPERIMENTAL","classification_hint=LEAVE","NO","Inside hlf_mcp/ package tree; __init__.py poisons import path"
"hlf_mcp/hlf/real_code_bridge/effect_audit.py","EXPERIMENTAL","classification_hint=LEAVE","NO","Inside hlf_mcp/ package tree; __init__.py poisons import path"
"hlf_mcp/server_completion.py","EXPERIMENTAL","classification_hint=LEAVE","NO","Inside hlf_mcp/ package tree; __init__.py poisons import path"
"scripts/hlf_backup.py","EXPERIMENTAL","classification_hint=LEAVE","YES",""
"tests/test_governed_ingress.py","EXPERIMENTAL","4+ hlf_mcp imports (5)","YES",""
"tests/test_insaits.py","EXPERIMENTAL","Imports from VM/DSL module (compiler/runtime/bytecode/translator/grammar/formal_verifier/linter/formatter/codegen)","YES",""
"tests/test_model_requirements.py","EXPERIMENTAL","4+ hlf_mcp imports (5)","YES",""
"tests/test_persona_contract.py","EXPERIMENTAL","4+ hlf_mcp imports (5)","YES",""
"tests/test_structured_outputs.py","EXPERIMENTAL","4+ hlf_mcp imports (5)","YES",""
"tests/test_tool_dispatch.py","EXPERIMENTAL","4+ hlf_mcp imports (5)","YES",""
"tests/test_workflow_benchmark.py","EXPERIMENTAL","4+ hlf_mcp imports (5)","YES",""
".github/scripts/emit_weekly_artifact.py","EXPERIMENTAL","classification_hint=LEAVE","YES",""
"hlf_mcp/hlf/ascii_surface.py","EXPERIMENTAL","classification_hint=LEAVE","NO","Inside hlf_mcp/ package tree; __init__.py poisons import path"
"hlf_mcp/hlf/codegen.py","EXPERIMENTAL","classification_hint=LEAVE","NO","Inside hlf_mcp/ package tree; __init__.py poisons import path"
"hlf_mcp/hlf/hlfsh.py","EXPERIMENTAL","classification_hint=LEAVE","NO","Inside hlf_mcp/ package tree; __init__.py poisons import path"
"hlf_mcp/hlf/knowledge/consistency_proof.py","EXPERIMENTAL","classification_hint=LEAVE","NO","Inside hlf_mcp/ package tree; __init__.py poisons import path"
"hlf_mcp/hlf/memory_lease_hardening.py","EXPERIMENTAL","classification_hint=LEAVE","NO","Inside hlf_mcp/ package tree; __init__.py poisons import path"
"hlf_mcp/hlf/plan_versioning.py","EXPERIMENTAL","classification_hint=LEAVE","NO","Inside hlf_mcp/ package tree; __init__.py poisons import path"
"hlf_mcp/hlf/swarm_mechanics.py","EXPERIMENTAL","classification_hint=LEAVE","NO","Inside hlf_mcp/ package tree; __init__.py poisons import path"
"hlf_mcp/hlf/workflow_benchmark.py","EXPERIMENTAL","classification_hint=LEAVE","NO","Inside hlf_mcp/ package tree; __init__.py poisons import path"
"hlf_mcp/server_instinct.py","EXPERIMENTAL","classification_hint=LEAVE","NO","Inside hlf_mcp/ package tree; __init__.py poisons import path"
"hlf_mcp/server_native.py","EXPERIMENTAL","classification_hint=LEAVE","NO","Inside hlf_mcp/ package tree; __init__.py poisons import path"
"hlf_mcp/server_verifier.py","EXPERIMENTAL","classification_hint=LEAVE","NO","Inside hlf_mcp/ package tree; __init__.py poisons import path"
"scripts/benchmark_code_generation.py","EXPERIMENTAL","classification_hint=LEAVE","YES",""
"scripts/benchmark_gpu_comparison.py","EXPERIMENTAL","classification_hint=LEAVE","YES",""
"scripts/parisneo_lollms_demo.py","EXPERIMENTAL","classification_hint=LEAVE","YES",""
"tests/test_authority_surface.py","EXPERIMENTAL","4+ hlf_mcp imports (4)","YES",""
"tests/test_embodied_contracts.py","EXPERIMENTAL","Imports from VM/DSL module (compiler/runtime/bytecode/translator/grammar/formal_verifier/linter/formatter/codegen)","YES",""
"tests/test_hitl_gate.py","EXPERIMENTAL","4+ hlf_mcp imports (4)","YES",""
"tests/test_hitl_integration.py","EXPERIMENTAL","4+ hlf_mcp imports (4)","YES",""
"tests/test_hlfpm.py","EXPERIMENTAL","4+ hlf_mcp imports (4)","YES",""
"tests/test_memory_freshness.py","EXPERIMENTAL","4+ hlf_mcp imports (4)","YES",""
"tests/test_merkle_dr.py","EXPERIMENTAL","4+ hlf_mcp imports (4)","YES",""
"tests/test_msty_audit_bridge.py","EXPERIMENTAL","4+ hlf_mcp imports (4)","YES",""
"tests/test_overwatch.py","EXPERIMENTAL","4+ hlf_mcp imports (4)","YES",""
"tests/test_resource_monitor.py","EXPERIMENTAL","4+ hlf_mcp imports (4)","YES",""
"benchmark_runner2.py","STABLE_DEFAULT","classification_hint=KEEP_WITH_WORK, no VM/DSL imports","YES",""
"hlf_mcp/gallery/type_explorer.py","EXPERIMENTAL","Imports from VM/DSL module (compiler/runtime/bytecode/translator/grammar/formal_verifier/linter/formatter/codegen)","NO","Inside hlf_mcp/ package tree; __init__.py poisons import path"
"hlf_mcp/hlf/capsules.py","STABLE_DEFAULT","classification_hint=KEEP_WITH_WORK, no VM/DSL imports","NO","Inside hlf_mcp/ package tree; __init__.py poisons import path"
"hlf_mcp/hlf/counterexample_quality.py","EXPERIMENTAL","Imports from VM/DSL module (compiler/runtime/bytecode/translator/grammar/formal_verifier/linter/formatter/codegen)","NO","Inside hlf_mcp/ package tree; __init__.py poisons import path"
"hlf_mcp/hlf/cross_witness.py","STABLE_DEFAULT","classification_hint=KEEP_WITH_WORK, no VM/DSL imports","NO","Inside hlf_mcp/ package tree; __init__.py poisons import path"
"hlf_mcp/hlf/hlfpm.py","STABLE_DEFAULT","classification_hint=KEEP_WITH_WORK, no VM/DSL imports","NO","Inside hlf_mcp/ package tree; __init__.py poisons import path"
"hlf_mcp/hlf/hlftest.py","EXPERIMENTAL","Imports from VM/DSL module (compiler/runtime/bytecode/translator/grammar/formal_verifier/linter/formatter/codegen)","NO","Inside hlf_mcp/ package tree; __init__.py poisons import path"
"hlf_mcp/hlf/knowledge/freshness_guarantee.py","STABLE_DEFAULT","classification_hint=KEEP_WITH_WORK, no VM/DSL imports","NO","Inside hlf_mcp/ package tree; __init__.py poisons import path"
"hlf_mcp/hlf/latent_model_interface.py","STABLE_DEFAULT","classification_hint=KEEP_WITH_WORK, no VM/DSL imports","NO","Inside hlf_mcp/ package tree; __init__.py poisons import path"
"hlf_mcp/hlf/model_availability.py","STABLE_DEFAULT","classification_hint=KEEP_WITH_WORK, no VM/DSL imports","NO","Inside hlf_mcp/ package tree; __init__.py poisons import path"
"hlf_mcp/hlf/parametric_proofs.py","STABLE_DEFAULT","classification_hint=KEEP_WITH_WORK, no VM/DSL imports","NO","Inside hlf_mcp/ package tree; __init__.py poisons import path"
"hlf_mcp/hlf/real_code_bridge/equivalence.py","EXPERIMENTAL","Imports from VM/DSL module (compiler/runtime/bytecode/translator/grammar/formal_verifier/linter/formatter/codegen)","NO","Inside hlf_mcp/ package tree; __init__.py poisons import path"
"hlf_mcp/hlf/routing_contracts.py","STABLE_DEFAULT","classification_hint=KEEP_WITH_WORK, no VM/DSL imports","NO","Inside hlf_mcp/ package tree; __init__.py poisons import path"
"hlf_mcp/persona/gate_integration.py","STABLE_DEFAULT","classification_hint=KEEP_WITH_WORK, no VM/DSL imports","NO","Inside hlf_mcp/ package tree; __init__.py poisons import path"
"hlf_mcp/rag/memory.py","STABLE_DEFAULT","classification_hint=KEEP_WITH_WORK, no VM/DSL imports","NO","Inside hlf_mcp/ package tree; __init__.py poisons import path"
"hlf_mcp/server_workflow_benchmark.py","STABLE_DEFAULT","classification_hint=KEEP_WITH_WORK, no VM/DSL imports","NO","Inside hlf_mcp/ package tree; __init__.py poisons import path"
"scripts/generate_tm_grammar.py","EXPERIMENTAL","Imports from VM/DSL module (compiler/runtime/bytecode/translator/grammar/formal_verifier/linter/formatter/codegen)","YES",""
"test_session_auth.py","EXPERIMENTAL","Imports from VM/DSL module (compiler/runtime/bytecode/translator/grammar/formal_verifier/linter/formatter/codegen)","YES",""
"tests/test_entropy_anchor.py","EXPERIMENTAL","Imports from VM/DSL module (compiler/runtime/bytecode/translator/grammar/formal_verifier/linter/formatter/codegen)","YES",""
"tests/test_evidence_query.py","RUNTIME_NONDEFAULT","1-3 imports, no compiler/runtime/bytecode/translator/grammar imports","YES",""
"tests/test_governance_spine.py","RUNTIME_NONDEFAULT","1-3 imports, no compiler/runtime/bytecode/translator/grammar imports","YES",""
"tests/test_hlfsh_llm.py","EXPERIMENTAL","Imports from VM/DSL module (compiler/runtime/bytecode/translator/grammar/formal_verifier/linter/formatter/codegen)","YES",""
"tests/test_model_catalog.py","RUNTIME_NONDEFAULT","1-3 imports, no compiler/runtime/bytecode/translator/grammar imports","YES",""
"tests/test_msty_constraint_bridge.py","RUNTIME_NONDEFAULT","1-3 imports, no compiler/runtime/bytecode/translator/grammar imports","YES",""
"tests/test_nlp_translation.py","EXPERIMENTAL","Imports from VM/DSL module (compiler/runtime/bytecode/translator/grammar/formal_verifier/linter/formatter/codegen)","YES",""
"tests/test_oci_client.py","RUNTIME_NONDEFAULT","1-3 imports, no compiler/runtime/bytecode/translator/grammar imports","YES",""
"tests/test_runtime_memory_context.py","EXPERIMENTAL","Imports from VM/DSL module (compiler/runtime/bytecode/translator/grammar/formal_verifier/linter/formatter/codegen)","YES",""
"tests/test_server_native.py","RUNTIME_NONDEFAULT","1-3 imports, no compiler/runtime/bytecode/translator/grammar imports","YES",""
"tests/test_stale_supersession_lifecycle.py","RUNTIME_NONDEFAULT","1-3 imports, no compiler/runtime/bytecode/translator/grammar imports","YES",""
"tests/test_swarm_mechanics.py","EXPERIMENTAL","Imports from VM/DSL module (compiler/runtime/bytecode/translator/grammar/formal_verifier/linter/formatter/codegen)","YES",""
"tests/test_swarm_vm_execution.py","EXPERIMENTAL","Imports from VM/DSL module (compiler/runtime/bytecode/translator/grammar/formal_verifier/linter/formatter/codegen)","YES",""
"_test_all_intents.py","EXPERIMENTAL","Imports from VM/DSL module (compiler/runtime/bytecode/translator/grammar/formal_verifier/linter/formatter/codegen)","YES",""
"fluency_runner.py","STABLE_DEFAULT","classification_hint=KEEP_WITH_WORK, no VM/DSL imports","YES",""
"hlf_mcp/__main__.py","STABLE_DEFAULT","classification_hint=KEEP_WITH_WORK, no VM/DSL imports","NO","Inside hlf_mcp/ package tree; __init__.py poisons import path"
"hlf_mcp/doc_ingest.py","STABLE_DEFAULT","classification_hint=KEEP_WITH_WORK, no VM/DSL imports","NO","Inside hlf_mcp/ package tree; __init__.py poisons import path"
"hlf_mcp/ecosystem/bridge_health.py","STABLE_DEFAULT","classification_hint=KEEP_WITH_WORK, no VM/DSL imports","NO","Inside hlf_mcp/ package tree; __init__.py poisons import path"
"hlf_mcp/governed_review.py","STABLE_DEFAULT","classification_hint=KEEP_WITH_WORK, no VM/DSL imports","NO","Inside hlf_mcp/ package tree; __init__.py poisons import path"
"hlf_mcp/hlf/audit_chain.py","STABLE_DEFAULT","classification_hint=KEEP_WITH_WORK, no VM/DSL imports","NO","Inside hlf_mcp/ package tree; __init__.py poisons import path"
"hlf_mcp/hlf/audit_diff.py","STABLE_DEFAULT","classification_hint=KEEP_WITH_WORK, no VM/DSL imports","NO","Inside hlf_mcp/ package tree; __init__.py poisons import path"
"hlf_mcp/hlf/execution_admission.py","EXPERIMENTAL","Imports from VM/DSL module (compiler/runtime/bytecode/translator/grammar/formal_verifier/linter/formatter/codegen)","NO","Inside hlf_mcp/ package tree; __init__.py poisons import path"
"hlf_mcp/hlf/linter.py","EXPERIMENTAL","Imports from VM/DSL module (compiler/runtime/bytecode/translator/grammar/formal_verifier/linter/formatter/codegen)","NO","Inside hlf_mcp/ package tree; __init__.py poisons import path"
"hlf_mcp/hlf/model_certification.py","EXPERIMENTAL","Imports from VM/DSL module (compiler/runtime/bytecode/translator/grammar/formal_verifier/linter/formatter/codegen)","NO","Inside hlf_mcp/ package tree; __init__.py poisons import path"
"hlf_mcp/hlf/model_version.py","STABLE_DEFAULT","classification_hint=KEEP_WITH_WORK, no VM/DSL imports","NO","Inside hlf_mcp/ package tree; __init__.py poisons import path"
"hlf_mcp/hlf/openrouter_client.py","STABLE_DEFAULT","classification_hint=KEEP_WITH_WORK, no VM/DSL imports","NO","Inside hlf_mcp/ package tree; __init__.py poisons import path"
"hlf_mcp/hlf/pillar_auditor.py","EXPERIMENTAL","Imports from VM/DSL module (compiler/runtime/bytecode/translator/grammar/formal_verifier/linter/formatter/codegen)","NO","Inside hlf_mcp/ package tree; __init__.py poisons import path"
"hlf_mcp/hlf/rag_service.py","STABLE_DEFAULT","classification_hint=KEEP_WITH_WORK, no VM/DSL imports","NO","Inside hlf_mcp/ package tree; __init__.py poisons import path"
"hlf_mcp/hlf/routing/capability_router.py","STABLE_DEFAULT","classification_hint=KEEP_WITH_WORK, no VM/DSL imports","NO","Inside hlf_mcp/ package tree; __init__.py poisons import path"
"hlf_mcp/hlf/symbolic_surfaces.py","EXPERIMENTAL","Imports from VM/DSL module (compiler/runtime/bytecode/translator/grammar/formal_verifier/linter/formatter/codegen)","NO","Inside hlf_mcp/ package tree; __init__.py poisons import path"
"hlf_mcp/hlf/wasm_compiler.py","EXPERIMENTAL","Imports from VM/DSL module (compiler/runtime/bytecode/translator/grammar/formal_verifier/linter/formatter/codegen)","NO","Inside hlf_mcp/ package tree; __init__.py poisons import path"
"hlf_mcp/mcp_enforcement.py","STABLE_DEFAULT","classification_hint=KEEP_WITH_WORK, no VM/DSL imports","NO","Inside hlf_mcp/ package tree; __init__.py poisons import path"
"hlf_mcp/persona_contract.py","STABLE_DEFAULT","classification_hint=KEEP_WITH_WORK, no VM/DSL imports","NO","Inside hlf_mcp/ package tree; __init__.py poisons import path"
"hlf_mcp/server_auth.py","STABLE_DEFAULT","classification_hint=KEEP_WITH_WORK, no VM/DSL imports","NO","Inside hlf_mcp/ package tree; __init__.py poisons import path"
"scripts/hlf_operator.py","STABLE_DEFAULT","classification_hint=KEEP_WITH_WORK, no VM/DSL imports","YES",""
"scripts/test_agent_harness.py","RUNTIME_NONDEFAULT","1-3 imports, no compiler/runtime/bytecode/translator/grammar imports","YES",""
"test-swarm-coord/test_4_executor.py","RUNTIME_NONDEFAULT","1-3 imports, no compiler/runtime/bytecode/translator/grammar imports","YES",""
"tests/test_agent_heartbeat.py","RUNTIME_NONDEFAULT","1-3 imports, no compiler/runtime/bytecode/translator/grammar imports","YES",""
"tests/test_benchmark.py","RUNTIME_NONDEFAULT","1-3 imports, no compiler/runtime/bytecode/translator/grammar imports","YES",""
"tests/test_benchmark_multilingual.py","RUNTIME_NONDEFAULT","1-3 imports, no compiler/runtime/bytecode/translator/grammar imports","YES",""
"tests/test_chaos.py","RUNTIME_NONDEFAULT","1-3 imports, no compiler/runtime/bytecode/translator/grammar imports","YES",""
"tests/test_code_bearing_execution.py","EXPERIMENTAL","Imports from VM/DSL module (compiler/runtime/bytecode/translator/grammar/formal_verifier/linter/formatter/codegen)","YES",""
"tests/test_compatibility_matrix.py","RUNTIME_NONDEFAULT","1-3 imports, no compiler/runtime/bytecode/translator/grammar imports","YES",""
"tests/test_compiler.py","EXPERIMENTAL","Imports from VM/DSL module (compiler/runtime/bytecode/translator/grammar/formal_verifier/linter/formatter/codegen)","YES",""
"tests/test_credential_locator.py","RUNTIME_NONDEFAULT","1-3 imports, no compiler/runtime/bytecode/translator/grammar imports","YES",""
"tests/test_dream_cycle.py","RUNTIME_NONDEFAULT","1-3 imports, no compiler/runtime/bytecode/translator/grammar imports","YES",""
"tests/test_governance_event_log.py","RUNTIME_NONDEFAULT","1-3 imports, no compiler/runtime/bytecode/translator/grammar imports","YES",""
"tests/test_hlflsp.py","RUNTIME_NONDEFAULT","1-3 imports, no compiler/runtime/bytecode/translator/grammar imports","YES",""
"tests/test_host_function_contracts.py","RUNTIME_NONDEFAULT","1-3 imports, no compiler/runtime/bytecode/translator/grammar imports","YES",""
"tests/test_math_pipeline.py","EXPERIMENTAL","Imports from VM/DSL module (compiler/runtime/bytecode/translator/grammar/formal_verifier/linter/formatter/codegen)","YES",""
"tests/test_real_workflow_benchmarks.py","RUNTIME_NONDEFAULT","1-3 imports, no compiler/runtime/bytecode/translator/grammar imports","YES",""
".github/scripts/ollama_client.py","STABLE_DEFAULT","classification_hint=KEEP_WITH_WORK, no VM/DSL imports","YES",""
".github/scripts/spec_drift_check.py","STABLE_DEFAULT","classification_hint=KEEP_WITH_WORK, no VM/DSL imports","YES",""
"_rw_debug.py","STABLE_DEFAULT","classification_hint=KEEP_WITH_WORK, no VM/DSL imports","YES",""
"bench4.py","STABLE_DEFAULT","classification_hint=KEEP_WITH_WORK, no VM/DSL imports","YES",""
"benchmark_runner.py","STABLE_DEFAULT","classification_hint=KEEP_WITH_WORK, no VM/DSL imports","YES",""
"check_mcp_tools.py","STABLE_DEFAULT","classification_hint=KEEP_WITH_WORK, no VM/DSL imports","YES",""
"debug_tool.py","STABLE_DEFAULT","classification_hint=KEEP_WITH_WORK, no VM/DSL imports","YES",""
"hlf/host_functions_minimal.py","STABLE_DEFAULT","classification_hint=KEEP_WITH_WORK, no VM/DSL imports","YES",""
"hlf_mcp/dream_cycle.py","STABLE_DEFAULT","classification_hint=KEEP_WITH_WORK, no VM/DSL imports","NO","Inside hlf_mcp/ package tree; __init__.py poisons import path"
"hlf_mcp/gallery/evidence_renderer.py","STABLE_DEFAULT","classification_hint=KEEP_WITH_WORK, no VM/DSL imports","NO","Inside hlf_mcp/ package tree; __init__.py poisons import path"
"hlf_mcp/gallery/telemetry.py","STABLE_DEFAULT","classification_hint=KEEP_WITH_WORK, no VM/DSL imports","NO","Inside hlf_mcp/ package tree; __init__.py poisons import path"
"hlf_mcp/hlf/agent_spawner.py","STABLE_DEFAULT","classification_hint=KEEP_WITH_WORK, no VM/DSL imports","NO","Inside hlf_mcp/ package tree; __init__.py poisons import path"
"hlf_mcp/hlf/approval_ledger.py","STABLE_DEFAULT","classification_hint=KEEP_WITH_WORK, no VM/DSL imports","NO","Inside hlf_mcp/ package tree; __init__.py poisons import path"
"hlf_mcp/hlf/dream_proposal.py","STABLE_DEFAULT","classification_hint=KEEP_WITH_WORK, no VM/DSL imports","NO","Inside hlf_mcp/ package tree; __init__.py poisons import path"
"hlf_mcp/hlf/embodied.py","STABLE_DEFAULT","classification_hint=KEEP_WITH_WORK, no VM/DSL imports","NO","Inside hlf_mcp/ package tree; __init__.py poisons import path"
"hlf_mcp/hlf/entropy_anchor.py","STABLE_DEFAULT","classification_hint=KEEP_WITH_WORK, no VM/DSL imports","NO","Inside hlf_mcp/ package tree; __init__.py poisons import path"
"hlf_mcp/hlf/ethics/__init__.py","STABLE_DEFAULT","classification_hint=KEEP_WITH_WORK, no VM/DSL imports","NO","Inside hlf_mcp/ package tree; __init__.py poisons import path"
"hlf_mcp/hlf/governed_ingress.py","STABLE_DEFAULT","classification_hint=KEEP_WITH_WORK, no VM/DSL imports","NO","Inside hlf_mcp/ package tree; __init__.py poisons import path"
"hlf_mcp/hlf/hitl_dashboard.py","STABLE_DEFAULT","classification_hint=KEEP_WITH_WORK, no VM/DSL imports","NO","Inside hlf_mcp/ package tree; __init__.py poisons import path"
"hlf_mcp/hlf/insaits.py","EXPERIMENTAL","Imports from VM/DSL module (compiler/runtime/bytecode/translator/grammar/formal_verifier/linter/formatter/codegen)","NO","Inside hlf_mcp/ package tree; __init__.py poisons import path"
"hlf_mcp/hlf/operand_coverage.py","STABLE_DEFAULT","classification_hint=KEEP_WITH_WORK, no VM/DSL imports","NO","Inside hlf_mcp/ package tree; __init__.py poisons import path"
"hlf_mcp/hlf/rag_integrations.py","STABLE_DEFAULT","classification_hint=KEEP_WITH_WORK, no VM/DSL imports","NO","Inside hlf_mcp/ package tree; __init__.py poisons import path"
"hlf_mcp/hlf/resource_monitor.py","STABLE_DEFAULT","classification_hint=KEEP_WITH_WORK, no VM/DSL imports","NO","Inside hlf_mcp/ package tree; __init__.py poisons import path"
"hlf_mcp/hlf/review_proof.py","STABLE_DEFAULT","classification_hint=KEEP_WITH_WORK, no VM/DSL imports","NO","Inside hlf_mcp/ package tree; __init__.py poisons import path"
"hlf_mcp/hlf/routing/route_trace.py","STABLE_DEFAULT","classification_hint=KEEP_WITH_WORK, no VM/DSL imports","NO","Inside hlf_mcp/ package tree; __init__.py poisons import path"
"hlf_mcp/hlf/routing_trace.py","STABLE_DEFAULT","classification_hint=KEEP_WITH_WORK, no VM/DSL imports","NO","Inside hlf_mcp/ package tree; __init__.py poisons import path"
"hlf_mcp/hlf/secret_capsule.py","STABLE_DEFAULT","classification_hint=KEEP_WITH_WORK, no VM/DSL imports","NO","Inside hlf_mcp/ package tree; __init__.py poisons import path"
"hlf_mcp/hlf/session_auth.py","STABLE_DEFAULT","classification_hint=KEEP_WITH_WORK, no VM/DSL imports","NO","Inside hlf_mcp/ package tree; __init__.py poisons import path"
"hlf_mcp/hlf/streaming.py","EXPERIMENTAL","Imports from VM/DSL module (compiler/runtime/bytecode/translator/grammar/formal_verifier/linter/formatter/codegen)","NO","Inside hlf_mcp/ package tree; __init__.py poisons import path"
"hlf_mcp/hlf/task_classifier.py","STABLE_DEFAULT","classification_hint=KEEP_WITH_WORK, no VM/DSL imports","NO","Inside hlf_mcp/ package tree; __init__.py poisons import path"
"hlf_mcp/hlf/translator.py","EXPERIMENTAL","Imports from VM/DSL module (compiler/runtime/bytecode/translator/grammar/formal_verifier/linter/formatter/codegen)","NO","Inside hlf_mcp/ package tree; __init__.py poisons import path"
"hlf_mcp/hlf/trust_surface.py","STABLE_DEFAULT","classification_hint=KEEP_WITH_WORK, no VM/DSL imports","NO","Inside hlf_mcp/ package tree; __init__.py poisons import path"
"hlf_mcp/ingress_support.py","STABLE_DEFAULT","classification_hint=KEEP_WITH_WORK, no VM/DSL imports","NO","Inside hlf_mcp/ package tree; __init__.py poisons import path"
"hlf_mcp/instinct/classification.py","STABLE_DEFAULT","classification_hint=KEEP_WITH_WORK, no VM/DSL imports","NO","Inside hlf_mcp/ package tree; __init__.py poisons import path"
"hlf_mcp/instinct/execution.py","STABLE_DEFAULT","classification_hint=KEEP_WITH_WORK, no VM/DSL imports","NO","Inside hlf_mcp/ package tree; __init__.py poisons import path"
"hlf_mcp/instinct/orchestration.py","STABLE_DEFAULT","classification_hint=KEEP_WITH_WORK, no VM/DSL imports","NO","Inside hlf_mcp/ package tree; __init__.py poisons import path"
"hlf_mcp/local_scheduler.py","STABLE_DEFAULT","classification_hint=KEEP_WITH_WORK, no VM/DSL imports","NO","Inside hlf_mcp/ package tree; __init__.py poisons import path"
"hlf_mcp/media_evidence.py","STABLE_DEFAULT","classification_hint=KEEP_WITH_WORK, no VM/DSL imports","NO","Inside hlf_mcp/ package tree; __init__.py poisons import path"
"hlf_mcp/persona/__init__.py","STABLE_DEFAULT","classification_hint=KEEP_WITH_WORK, no VM/DSL imports","NO","Inside hlf_mcp/ package tree; __init__.py poisons import path"
"hlf_mcp/persona/capability_decay.py","STABLE_DEFAULT","classification_hint=KEEP_WITH_WORK, no VM/DSL imports","NO","Inside hlf_mcp/ package tree; __init__.py poisons import path"
"hlf_mcp/persona/composition_proofs.py","STABLE_DEFAULT","classification_hint=KEEP_WITH_WORK, no VM/DSL imports","NO","Inside hlf_mcp/ package tree; __init__.py poisons import path"
"hlf_mcp/persona/doctrine_drift.py","STABLE_DEFAULT","classification_hint=KEEP_WITH_WORK, no VM/DSL imports","NO","Inside hlf_mcp/ package tree; __init__.py poisons import path"
"hlf_mcp/persona/operator_doctrine.py","STABLE_DEFAULT","classification_hint=KEEP_WITH_WORK, no VM/DSL imports","NO","Inside hlf_mcp/ package tree; __init__.py poisons import path"
"hlf_mcp/rag/hybrid_rag.py","STABLE_DEFAULT","classification_hint=KEEP_WITH_WORK, no VM/DSL imports","NO","Inside hlf_mcp/ package tree; __init__.py poisons import path"
"hlf_mcp/server_governance.py","STABLE_DEFAULT","classification_hint=KEEP_WITH_WORK, no VM/DSL imports","NO","Inside hlf_mcp/ package tree; __init__.py poisons import path"
"hlf_mcp/server_prompts.py","STABLE_DEFAULT","classification_hint=KEEP_WITH_WORK, no VM/DSL imports","NO","Inside hlf_mcp/ package tree; __init__.py poisons import path"
"query_knowledge.py","STABLE_DEFAULT","classification_hint=KEEP_WITH_WORK, no VM/DSL imports","YES",""
"run_tests.py","STABLE_DEFAULT","classification_hint=KEEP_WITH_WORK, no VM/DSL imports","YES",""
"scripts/agent_harness.py","STABLE_DEFAULT","classification_hint=KEEP_WITH_WORK, no VM/DSL imports","YES",""
"scripts/demo_pii_workflow.py","STABLE_DEFAULT","classification_hint=KEEP_WITH_WORK, no VM/DSL imports","YES",""
"scripts/gen_docs.py","STABLE_DEFAULT","classification_hint=KEEP_WITH_WORK, no VM/DSL imports","YES",""
"scripts/hlf_evidence.py","STABLE_DEFAULT","classification_hint=KEEP_WITH_WORK, no VM/DSL imports","YES",""
"scripts/multi_model_validation.py","STABLE_DEFAULT","classification_hint=KEEP_WITH_WORK, no VM/DSL imports","YES",""
"test-swarm-coord/smoke_test.py","STABLE_DEFAULT","classification_hint=KEEP_WITH_WORK, no VM/DSL imports","YES",""
"test_governed_complete_tool.py","RUNTIME_NONDEFAULT","1-3 imports, no compiler/runtime/bytecode/translator/grammar imports","YES",""
"tests/conftest.py","RUNTIME_NONDEFAULT","1-3 imports, no compiler/runtime/bytecode/translator/grammar imports","YES",""
"tests/test_codegen.py","EXPERIMENTAL","Imports from VM/DSL module (compiler/runtime/bytecode/translator/grammar/formal_verifier/linter/formatter/codegen)","YES",""
"tests/test_daemon_manager.py","RUNTIME_NONDEFAULT","1-3 imports, no compiler/runtime/bytecode/translator/grammar imports","YES",""
"tests/test_extracted_support_tools.py","RUNTIME_NONDEFAULT","1-3 imports, no compiler/runtime/bytecode/translator/grammar imports","YES",""
"tests/test_fixtures_catalog.py","EXPERIMENTAL","Imports from VM/DSL module (compiler/runtime/bytecode/translator/grammar/formal_verifier/linter/formatter/codegen)","YES",""
"tests/test_formatter.py","EXPERIMENTAL","Imports from VM/DSL module (compiler/runtime/bytecode/translator/grammar/formal_verifier/linter/formatter/codegen)","YES",""
"tests/test_github_scripts.py","RUNTIME_NONDEFAULT","1-3 imports, no compiler/runtime/bytecode/translator/grammar imports","YES",""
"tests/test_handoff_events.py","RUNTIME_NONDEFAULT","1-3 imports, no compiler/runtime/bytecode/translator/grammar imports","YES",""
"tests/test_instinct_lifecycle.py","RUNTIME_NONDEFAULT","1-3 imports, no compiler/runtime/bytecode/translator/grammar imports","YES",""
"tests/test_linter.py","EXPERIMENTAL","Imports from VM/DSL module (compiler/runtime/bytecode/translator/grammar/formal_verifier/linter/formatter/codegen)","YES",""
"tests/test_media_evidence.py","RUNTIME_NONDEFAULT","1-3 imports, no compiler/runtime/bytecode/translator/grammar imports","YES",""
"tests/test_memory_evidence_schema.py","RUNTIME_NONDEFAULT","1-3 imports, no compiler/runtime/bytecode/translator/grammar imports","YES",""
"tests/test_memory_write_enforcement.py","RUNTIME_NONDEFAULT","1-3 imports, no compiler/runtime/bytecode/translator/grammar imports","YES",""
"tests/test_native_onboarding.py","RUNTIME_NONDEFAULT","1-3 imports, no compiler/runtime/bytecode/translator/grammar imports","YES",""
"tests/test_operator_cli.py","RUNTIME_NONDEFAULT","1-3 imports, no compiler/runtime/bytecode/translator/grammar imports","YES",""
"tests/test_port_config.py","RUNTIME_NONDEFAULT","1-3 imports, no compiler/runtime/bytecode/translator/grammar imports","YES",""
"tests/test_test_runner.py","RUNTIME_NONDEFAULT","1-3 imports, no compiler/runtime/bytecode/translator/grammar imports","YES",""
"tests/test_witness_governance.py","RUNTIME_NONDEFAULT","1-3 imports, no compiler/runtime/bytecode/translator/grammar imports","YES",""
"tests/test_workflow_support.py","RUNTIME_NONDEFAULT","1-3 imports, no compiler/runtime/bytecode/translator/grammar imports","YES",""
"validate_compounding_loop.py","STABLE_DEFAULT","classification_hint=KEEP_WITH_WORK, no VM/DSL imports","YES",""
